fecha,saldo_rem,mau_rem,dau_rem,saldo_crecimiento_absoluto_diario,saldo_crecimiento_pct_diario,saldo_crecimiento_absoluto_semanal,saldo_crecimiento_pct_semanal,saldo_crecimiento_absoluto_mensual,saldo_crecimiento_pct_mensual,saldo_ma7,crecimiento_diario_ma7,a√±o_mes
2025-01-01,52271.01093,70997,70997,,,,,,,52271.01093,,2025-01
2025-01-02,52410.610956,73703,71304,139.60002600000007,0.26706968837268974,,,,,52340.810943,0.26706968837268974,2025-01
2025-01-03,52719.480189,78393,72171,308.8692330000049,0.5893257631728543,,,,,52467.034025,0.42819772577277204,2025-01
2025-01-04,53449.517216,82935,73044,730.0370269999985,1.3847576349061308,,,,,52712.65482275,0.747051028817225,2025-01
2025-01-05,53550.27887,86406,73418,100.76165400000173,0.18851742587833176,,,,,52880.1796322,0.6074176280825017,2025-01
2025-01-06,53033.838905,88906,72606,-516.439965000005,-0.9644020085380456,,,,,52905.789511,0.2930537007583922,2025-01
2025-01-07,53529.005972,91853,72862,495.16706700000213,0.933681357457461,,,,,52994.820434,0.39982497687490365,2025-01
2025-01-08,53948.316939,94298,72974,419.3109669999976,0.7833341183643983,1677.306009,3.208864682655954,,,53234.43557814286,0.4546119970876886,2025-01
2025-01-09,54314.027046,96478,72966,365.71010700000625,0.6778897429061903,1903.416090000006,3.631738030296905,,,53506.35216242857,0.5133005763067601,2025-01
2025-01-10,54659.631165,98761,73244,345.604118999996,0.6363072999674646,1940.1509759999972,3.6801405648244856,,,53783.51658757142,0.5200122244202758,2025-01
2025-01-11,55002.844158,100813,72721,343.212993000001,0.6279094565492915,1553.3269419999997,2.9061571046988144,,,54005.42043642857,0.41189105608358456,2025-01
2025-01-12,55055.722689,102096,71962,52.87853100000211,0.09613781216131212,1505.443819,2.8112716698537765,,,54220.48383914286,0.3986939684097246,2025-01
2025-01-13,55148.257543,103209,71165,92.53485399999772,0.16807490571455475,2114.418638000003,3.98692359756867,,,54522.54364457143,0.5604763847315246,2025-01
2025-01-14,52782.177475,105245,67816,-2366.080068000003,-4.290398597190725,-746.8284970000022,-1.3951846918111133,,,54415.85385928571,-0.18582075164678763,2025-01
2025-01-15,56514.306789,107403,72756,3732.1293140000053,7.07081346874654,2565.9898500000054,4.756385362126125,,,54782.42383785714,0.7123905841220897,2025-01
2025-01-16,55749.256369,109822,72505,-765.0504199999996,-1.3537287520067554,1435.2293229999996,2.642465309715414,,,54987.45659828571,0.42215937056309744,2025-01
2025-01-17,58255.31549,111796,75221,2506.0591209999984,4.495233271655841,3595.684325000002,6.578317943905954,,,55501.12578757143,0.9734345093757225,2025-01
2025-01-18,59141.006976,114022,75485,885.6914859999961,1.520361667515191,4138.162817999997,7.523543339164052,,,56092.29190442857,1.1009276823708511,2025-01
2025-01-19,59464.129492,115621,75140,323.1225160000031,0.5463595101299568,4408.406802999998,8.007172711004639,,,56722.064304857144,1.1652450677949433,2025-01
2025-01-20,59429.138652,116757,74250,-34.99083999999857,-0.058843609246317374,4280.881109000002,7.7624956793278965,,,57333.618749,1.1328281370862474,2025-01
2025-01-21,59796.677812,118475,74256,367.53916000000027,0.6184494144399588,7014.500337000005,13.289524367050575,,,58335.69022571429,1.8340921387477735,2025-01
2025-01-22,61051.26813,120946,75482,1254.590317999995,2.098093679960633,4536.961340999995,8.027987245670465,,,58983.827560142854,1.1237035974926441,2025-01
2025-01-23,61774.495886,122742,75984,723.2277560000002,1.1846236419855938,6025.2395169999945,10.807748675819816,,,59844.57606257143,1.4863253680629798,2025-01
2025-01-24,63006.875166,124576,76698,1232.379280000001,1.9949645275523675,4751.559675999997,8.156439693156647,,,60523.370302,1.1291441189053406,2025-01
2025-01-25,64269.000064,126705,77578,1262.1248980000018,2.00315425050801,5127.993088000003,8.670790962489017,,,61255.940743142855,1.1981144879043146,2025-01
2025-01-26,64589.684532,128034,77123,320.68446799999947,0.49897223806292246,5125.555039999999,8.619574664234463,,,61988.16289171429,1.191344877609024,2025-01
2025-01-27,64781.351272,129077,76344,191.66674000000057,0.2967451248427233,5352.212619999998,9.006041045523183,,,62752.76469457143,1.2421432681931728,2025-01
2025-01-28,65383.940207,130624,76373,602.5889349999998,0.9301888941307901,5587.262394999998,9.343767245006962,,,63550.94503671428,1.2866774795775773,2025-01
2025-01-29,66396.380298,132218,76957,1012.440091000004,1.5484537759497208,5345.112168000007,8.755120625206914,,,64314.53248928571,1.208157493290304,2025-01
2025-01-30,68090.248998,133973,78355,1693.8686999999918,2.5511461504340582,6315.7531119999985,10.223884503493519,,,65216.78293385714,1.4033749944972274,2025-01
2025-01-31,71434.80689,136472,82377,3344.5578920000116,4.911948393812238,8427.93172400001,13.376209662509853,19163.79596000001,36.66237866656849,66420.77318014286,1.8200869753914948,2025-01
2025-02-01,74609.343689,87874,87874,3174.536798999994,4.443963576311405,10340.343625000001,16.089162138360535,22198.732733000004,42.355416828924945,67897.96512657143,2.168774021934837,2025-02
2025-02-02,75459.50191,94945,89976,850.1582210000051,1.1394795597502894,10869.817378000007,16.829029986382295,22740.021721000005,43.134002155326144,69450.79618057143,2.260275067890175,2025-02
2025-02-03,75744.925837,99350,90417,285.4239269999962,0.37824782800768286,10963.574565000003,16.923967082697633,22295.408621000002,41.713021524403814,71017.02111842857,2.2719183111994545,2025-02
2025-02-04,76105.737838,104352,91187,360.8120009999984,0.47635138197434923,10721.797631000001,16.39821276762412,22555.458968,42.12015220827552,72548.70649428571,2.207084380891392,2025-02
2025-02-05,76275.777104,108801,91859,170.0392659999925,0.22342502790255736,9879.39680599999,14.879420778149832,23241.938198999997,43.82473280999608,73960.04889514286,2.0177945597417972,2025-02
2025-02-06,76526.537715,113918,93022,250.76061100000516,0.32875523596187506,8436.288717000003,12.389863219985875,22997.531743,42.96274762701473,75165.23299757144,1.7003101433886283,2025-02
2025-02-07,76966.137155,117711,93574,439.5994400000054,0.5744405184475498,5531.330264999997,7.7431864182365695,23017.820216000007,42.666428763712005,75955.42303542858,1.0806661611936728,2025-02
2025-02-08,77559.271316,121076,93546,593.1341609999945,0.7706430164287736,2949.9276269999973,3.953831358303339,23245.244269999996,42.797865550114665,76376.84126785713,0.5559060812104396,2025-02
2025-02-09,77514.490206,123013,92656,-44.78110999999626,-0.05773791996773747,2054.988295999996,2.7232995765741563,22854.859041000003,41.81305024179265,76670.41102442857,0.3848750126792929,2025-02
2025-02-10,77194.500276,124669,91608,-319.9899299999961,-0.4128130484372661,1449.5744390000036,1.9137578167538694,22191.656118000006,40.34637927859281,76877.49308714285,0.2718663160443002,2025-02
2025-02-11,77510.385757,127496,91755,315.88548099999025,0.40920723609918497,1404.6479189999955,1.8456531122396536,22454.663067999994,40.785338873567056,77078.15707557143,0.26227429520499107,2025-02
2025-02-12,78259.305312,130005,92266,748.9195550000004,0.9662183302092009,1983.5282080000034,2.6004693538494106,23111.047768999997,41.907122361898615,77361.51824814286,0.3683876241059401,2025-02
2025-02-13,78713.756583,132024,92119,454.4512709999981,0.5806993419992912,2187.2188679999963,2.8581181552282287,25931.579107999998,49.12942274934065,77673.97808642859,0.40437963925414244,2025-02
2025-02-14,79478.387889,134117,92633,764.6313060000102,0.9714074631843372,2512.250734000001,3.264098767150858,22964.081100000003,40.63410206151508,78032.87104842858,0.4610892027879692,2025-02
2025-02-15,80136.697313,136362,92892,658.3094239999918,0.8282873388415934,2577.4259969999985,3.323169433218087,24387.440943999994,43.74487218731926,78401.07476228572,0.4693241059898006,2025-02
2025-02-16,80190.825008,137766,91752,54.12769500000286,0.06754420485859391,2676.3348019999976,3.4526896776170046,21935.509518,37.65409101898247,78783.40830542857,0.48722155239356224,2025-02
2025-02-17,80204.630937,138928,90483,13.805928999994649,0.017216344885606638,3010.1306609999883,3.899410774391465,21063.623960999998,35.61593729634638,79213.42697128572,0.5486543228682583,2025-02
2025-02-18,80536.703517,140662,90043,332.0725800000073,0.41403167887006376,3026.3177600000054,3.9044029138078473,21072.574025,35.43745482364289,79645.75807985713,0.5493435289783839,2025-02
2025-02-19,81361.462377,142383,90150,824.7588600000017,1.0240782450524621,3102.1570650000067,3.9639465909293348,21932.323725000002,36.90500017748768,80088.92337485714,0.5576092310988497,2025-02
2025-02-20,81689.068322,143962,90122,327.605945000003,0.40265493690612164,2975.3117390000116,3.7799132809303693,21892.390510000005,36.6113826236792,80513.967909,0.5321743160855398,2025-02
2025-02-21,81950.609976,145628,90014,261.54165400000056,0.3201672627346719,2472.222087000002,3.11055892383314,20899.34184600001,34.232445100891006,80867.14249285715,0.43914000173558765,2025-02
2025-02-22,82579.921354,147461,89600,629.3113779999985,0.7679154287982604,2443.2240410000086,3.0488204816542464,20805.42546800001,33.67963618253527,81216.17449871429,0.43051544315796864,2025-02
2025-02-23,82926.23545,148705,88954,346.31409599998733,0.41936840132774655,2735.410441999993,3.4111264495995774,19919.360283999995,31.614582109523436,81606.947419,0.48077604265356183,2025-02
2025-02-24,82819.85657,149921,87564,-106.3788799999893,-0.1282813327081911,2615.225633000009,3.2606915616309573,18550.856506000004,28.864392611565126,81980.55108085716,0.45999066014016216,2025-02
2025-02-25,83345.249115,150981,87485,525.3925449999952,0.6343799262148231,2808.545597999997,3.487286510810761,18755.564583,29.03801856116488,82381.77188057142,0.4914689811894135,2025-02
2025-02-26,83896.68262,151802,87397,551.4335050000082,0.6616256005655963,2535.2202430000034,3.1159964053407707,19115.331348000007,29.507460052414956,82743.946201,0.4396900319770041,2025-02
2025-02-27,85144.472164,153191,87916,1247.7895439999993,1.4872930669401097,3455.4038419999997,4.229946445685462,19760.531957000007,30.222302134805346,83237.57532128572,0.5946383362675738,2025-02
2025-02-28,88754.942982,155684,92229,3610.470817999987,4.240405426491711,6804.333005999986,8.302968102363973,22358.56268399999,33.67436987325267,84209.62289357142,1.1546723596614366,2025-02
2025-03-01,92714.030088,98490,98490,3959.0871060000063,4.460694777081797,10134.108733999994,12.271879856312218,24623.781090000004,36.163446972742406,85657.35271271427,1.6822122665590846,2025-03
2025-03-02,93264.808728,104939,99622,550.7786400000041,0.5940618043215551,10338.57327800001,12.467192344977018,21830.001837999996,30.559334851447506,87134.29175242859,1.7071684669867717,2025-03
2025-03-03,93011.211571,109254,99388,-253.5971569999965,-0.27191087448599216,10191.355001000004,12.305448745116077,18401.867882000006,24.664294004120933,88590.19960971428,1.6866499610185142,2025-03
2025-03-04,93013.666675,114176,99416,2.455103999993298,0.002639578561036693,9668.417560000002,11.600442331943238,17554.164764999994,23.263027611733666,89971.40211828573,1.5964013399251162,2025-03
2025-03-05,93030.550489,118924,100033,16.88381400000071,0.01815197121406431,9133.867868999994,10.887042948254289,17285.624652,22.82083513976627,91276.24038528571,1.5044765357320402,2025-03
2025-03-06,93177.104727,123712,100514,146.55423799999699,0.15753345243003647,8032.632562999992,9.434121040210375,17071.366888999997,22.431116725178345,92423.75932285715,1.3145108765163156,2025-03
2025-03-07,93447.804817,127871,100549,270.70008999999845,0.29052210925970545,4692.861835000003,5.287437158234387,17172.027713000003,22.513081301795722,93094.16815642857,0.7502418311974576,2025-03
2025-03-08,93821.626635,130845,100055,373.8218179999967,0.40003274419559975,1107.5965469999937,1.1946374739062904,17295.088919999995,22.600119431000955,93252.39623457144,0.17014725507085796,2025-03
2025-03-09,93501.709323,132577,98579,-319.9173119999905,-0.3409846146076534,236.90059499999916,0.25400855717283566,16535.572168,21.484217318454558,93286.23917671428,0.03656919522382816,2025-03
2025-03-10,92678.929467,134150,97460,-822.7798560000083,-0.8799623685570634,-332.2821040000126,-0.35724951689976026,15119.658150999996,19.494327234455213,93238.7703047143,-0.05029530392918202,2025-03
2025-03-11,92357.145817,135954,96677,-321.7836499999976,-0.34720259702025746,-656.5208580000035,-0.7058326818723981,14842.655610999995,19.148233538728874,93144.9816107143,-0.10027275758365262,2025-03
2025-03-12,92612.268538,137672,96167,255.122721000007,0.2762349558804278,-418.2819509999972,-0.44961783930264065,15417.768261999998,19.972625260705822,93085.22704628571,-0.06340375977417212,2025-03
2025-03-13,92696.324958,139291,95737,84.05641999999352,0.09076164673096354,-480.77976900000067,-0.5159848767662845,15185.939201000001,19.592134721931174,93016.54422214285,-0.07294258915975396,2025-03
2025-03-14,93259.502742,140951,96005,563.1777839999995,0.6075513611301986,-188.3020749999996,-0.20150508122556143,15000.19743,19.167302048233136,92989.64392571429,-0.027652696035397804,2025-03
2025-03-15,94151.380558,143237,97113,891.8778160000074,0.9563398793443811,329.7539230000111,0.35146898942912674,15437.62397500001,19.612358303242395,93036.75162900002,0.051819751842999535,2025-03
2025-03-16,93807.077114,144713,96221,-344.3034440000047,-0.3656913387349636,305.36779099999694,0.3265905973388161,14328.689224999995,18.028409490403252,93080.37559914286,0.04829021982481236,2025-03
2025-03-17,92576.043556,145861,94113,-1231.0335579999955,-1.3123035019031337,-102.8859109999903,-0.11101327086069368,12439.346243000007,15.522658981582538,93065.67761185714,-0.01347279922462625,2025-03
2025-03-18,92075.3369,147249,93096,-500.7066560000094,-0.540859856143161,-281.8089170000021,-0.30512952138905813,11884.511891999995,14.820288843286455,93025.41919514285,-0.04113812195646961,2025-03
2025-03-19,92370.539464,148749,92775,295.20256400000653,0.3206098114206357,-241.72907400000258,-0.26101193482893636,12165.908527000007,15.168586133830875,92990.88647028572,-0.034798856879297055,2025-03
2025-03-20,92561.366806,150744,93366,190.82734200000414,0.20658896560237228,-134.95815199999197,-0.14559169639264402,12024.663289000004,14.930662373661452,92971.60673428573,-0.018252097040524377,2025-03
2025-03-21,93158.677119,152868,94067,597.3103129999945,0.6453127623448962,-100.825622999997,-0.10811297512375306,11797.214741999996,14.499757498624977,92957.20307385715,-0.01285761115271043,2025-03
2025-03-22,94091.277213,154746,94112,932.600093999994,1.0010877385138173,-60.10334500001045,-0.06383692373260752,12402.208890999987,15.182213661824683,92948.61688171429,-0.006465059842790983,2025-03
2025-03-23,94501.64408,156027,93400,410.3668670000043,0.4361369928808978,694.5669659999985,0.7404206456149476,12551.034103999991,15.31536386083725,93047.840734,0.10808184467376065,2025-03
2025-03-24,94428.028412,157013,92323,-73.61566799999855,-0.07789882251961755,1851.9848559999955,2.0005011932484607,11848.107057999994,14.347442893787754,93312.40999914285,0.2844253702999772,2025-03
2025-03-25,94815.983226,158260,91963,387.954813999997,0.41084709754535265,2740.646326000002,2.976525982171019,11889.747776000004,14.337739692969521,93703.93090285713,0.4203835065411935,2025-03
2025-03-26,95306.089923,159470,91999,490.1066970000102,0.5169030371512395,2935.5504590000055,3.178015930224265,12486.233353000003,15.076376451396701,94123.29525414285,0.4484253959312797,2025-03
2025-03-27,95784.561778,160694,91915,478.47185499999614,0.5020370213346892,3223.1949719999975,3.4822249100486147,12439.312663000004,14.92504107323047,94583.75167871428,0.49063226103589647,2025-03
2025-03-28,97724.290961,162341,93692,1939.729183000003,2.0250958473827074,4565.613842000006,4.900900252338203,13827.608341,16.481710491022028,95235.98222757143,0.6877441303270123,2025-03
2025-03-29,100359.249498,164535,96989,2634.9585369999986,2.696318910158757,6267.972285000011,6.661586993670876,15214.777333999999,17.86936596975344,96131.40683971428,0.9299200119905751,2025-03
2025-03-30,101584.196381,166450,98692,1224.946882999997,1.2205620200701262,7082.552301000003,7.4946339504996295,12829.253399000008,14.454691725284373,97143.20002557142,1.0419807301604649,2025-03
2025-03-31,102596.501209,168003,99882,1012.304827999993,0.9965180255039563,8168.472796999995,8.65047479479295,9882.471120999995,10.659089149312129,98310.12471085716,1.1954688513066898,2025-03
2025-04-01,104178.469733,103368,103368,1581.9685240000108,1.5419322348794173,9362.486507000009,9.874375805062229,10913.661005000002,11.701799589627537,99647.62278328573,1.3570524423544132,2025-04
2025-04-02,104716.395911,110740,105072,537.9261779999943,0.516350623481654,9410.305987999993,9.873771965257205,11705.184339999993,12.584702577564922,100991.95221014286,1.356973526115901,2025-04
2025-04-03,105161.118361,116242,105898,444.7224500000011,0.4246922806415032,9376.556582999998,9.789214889067456,12147.451686,13.059856814853376,102331.46029342858,1.345924277445446,2025-04
2025-04-04,105439.508978,121206,106741,278.3906169999973,0.2647277067217235,7715.218016999992,7.894882573339923,12408.958488999997,13.338584393808617,103433.63429585715,1.0944431144938769,2025-04
2025-04-05,105583.760737,126792,107325,144.25175900000613,0.13680996848164373,5224.5112389999995,5.205809394882044,12406.656010000006,13.315133633257137,104179.9930442857,0.7287989799685748,2025-04
2025-04-06,104782.583656,130108,106083,-801.1770810000016,-0.7588071076532921,3198.387275000001,3.1485087138989343,11334.778839000006,12.129529271658157,104636.90551214285,0.4460319617223723,2025-04
2025-04-07,104055.836724,132660,104857,-726.7469320000091,-0.6935760759497089,1459.3355149999988,1.4224028088708263,10234.210089,10.908156739612673,104845.3820142857,0.20458994722899154,2025-04
2025-04-08,103761.152277,135386,104262,-294.68444699999236,-0.28319838298126454,-417.3174560000043,-0.4005793683373837,10259.442953999998,10.972465667508736,104785.76523485713,-0.05614299817967731,2025-04
2025-04-09,103900.185164,137766,103931,139.03288699999393,0.13399319875402327,-816.2107470000046,-0.7794488531611798,11221.255697,12.107666501473279,104669.16369957142,-0.11076548742648169,2025-04
2025-04-10,103726.44882,139816,103354,-173.7363439999899,-0.16721466253958317,-1434.6695409999957,-1.3642585428532805,11369.303003000008,12.310149802082005,104464.210908,-0.19532362216663687,2025-04
2025-04-11,103923.162583,142036,103149,196.71376299999247,0.1896466766555971,-1516.3463950000005,-1.4381197424927161,11310.894044999994,12.213170267348538,104247.58999442856,-0.20604948360465494,2025-04
2025-04-12,104093.553783,144090,102110,170.3911999999982,0.16395882858541988,-1490.2069540000084,-1.4113978736862598,11397.228824999998,12.29523266447079,104034.70328671428,-0.2021710750184012,2025-04
2025-04-13,103942.66684,145385,100574,-150.88694299999042,-0.14495320556980884,-839.9168159999972,-0.8015805553692301,10683.164098000008,11.455308878876092,103914.71517014285,-0.11447766043504647,2025-04
2025-04-14,103505.550567,146522,99160,-437.1162730000069,-0.4205359418696264,-550.286156999995,-0.5288373764747001,9354.170008999994,9.935244659782283,103836.102862,-0.07547192699503467,2025-04
2025-04-15,103819.530566,148372,99724,313.97999900000286,0.30334604983019986,58.37828900000022,0.05626218263667937,10012.453452000002,10.673452110475923,103844.44261757143,0.008320134835174528,2025-04
2025-04-16,104566.536385,150308,100992,747.0058189999982,0.7195234027041808,666.3512210000044,0.6413378570482964,11990.492828999995,12.952047169467606,103939.63564914286,0.09196730682805418,2025-04
2025-04-17,105462.06539,152251,101510,895.529005000004,0.8564202621216932,1735.6165699999983,1.673263270597336,13386.728490000009,14.53888624327153,104187.58087342857,0.2382008674939508,2025-04
2025-04-18,106380.51394,154179,101954,918.448550000001,0.87088048826236,2457.351357000007,2.3645848489622256,14009.974476000003,15.16714588579422,104538.6310672857,0.33551998343777406,2025-04
2025-04-19,106493.63358,155468,100808,113.11963999998989,0.10633492527003519,2400.0797969999985,2.3056949347731504,13932.266773999989,15.051924204188483,104881.49960971429,0.32728799724986196,2025-04
2025-04-20,106113.332463,156375,99312,-380.30111699999543,-0.3571115983325934,2170.6656229999935,2.088329738875494,12954.655343999999,13.906010416455183,105191.59469871428,0.29697965542660704,2025-04
2025-04-21,105489.247481,157305,97804,-624.0849820000003,-0.5881306029264621,1983.696914,1.9165125958302553,11397.970268000005,12.113737432002058,105474.97997214286,0.2730375609899162,2025-04
2025-04-22,105450.368164,158568,97230,-38.87931699999899,-0.036856189543865714,1630.8375979999983,1.5708389251126942,10948.724084000001,11.585749846564998,105707.95677185713,0.2244372410793354,2025-04
2025-04-23,105815.177234,159798,97042,364.809070000003,0.34595333933082895,1248.640849000003,1.1941113210469867,11387.148822000003,12.059077176022992,105886.334036,0.17107008916885658,2025-04
2025-04-24,106368.557751,161036,96927,553.3805169999978,0.5229689459161913,906.4923609999969,0.8595435312666933,11552.574525000004,12.184205797311298,106015.83294471428,0.12343418685378486,2025-04
2025-04-25,108034.916302,162723,98001,1666.3585509999975,1.5665894003195957,1654.4023619999934,1.5551742520562462,12728.826378999991,13.355732450343849,106252.17613928572,0.22282117429053283,2025-04
2025-04-26,108923.285277,164330,98488,888.3689750000049,0.8222980175378369,2429.6516970000084,2.2814994806002353,13138.723499,13.716953186518332,106599.26923885716,0.3251016160430759,2025-04
2025-04-27,109105.923154,165338,97482,182.63787700000103,0.16767569628068912,2992.590691000005,2.820183497717843,11381.632192999998,11.646676666645961,107026.7821947143,0.40007122955925917,2025-04
2025-04-28,109067.248533,166263,96594,-38.6746209999983,-0.03544685740425324,3578.001052000007,3.3918158840259505,8707.999035,8.676827575492707,107537.92520214287,0.47902605034814616,2025-04
2025-04-29,110181.357824,167644,97294,1114.1092910000007,1.0214883991163548,4730.989660000007,4.4864610170371355,8597.161443000005,8.46308948564758,108213.78086785715,0.6302181344424633,2025-04
2025-04-30,113870.04236,170216,102559,3688.6845360000007,3.347829985805939,8054.865126000004,7.612202083437847,11273.541151000012,10.98823158504656,109364.47588585714,1.059057655367479,2025-04
2025-05-01,117377.146981,109310,109310,3507.1046209999913,3.079918605731513,11008.589229999998,10.349476821684656,13198.677247999993,12.669294607443371,110937.13149014287,1.4243361781982393,2025-05
2025-05-02,118225.526079,116918,111921,848.3790980000049,0.7227804728780152,10190.609777000005,9.432700210099899,13509.130168000003,12.900682887789227,112392.93288685715,1.303792045706585,2025-05
2025-05-03,118579.17446,123646,112815,353.6483809999918,0.2991303085965402,9655.889182999992,8.864853055473265,13418.056098999994,12.759522063029149,113772.34562728573,1.229053801572114,2025-05
2025-05-04,118189.252364,127495,112183,-389.9220959999948,-0.32882847917913294,9083.329209999996,8.325239315540301,12749.743386000002,12.091998065601995,115069.96408585715,1.158124633649282,2025-05
2025-05-05,116771.673972,131178,111228,-1417.5783919999958,-1.1994139599378562,7704.425438999999,7.063922068840767,11187.913235,10.596244305853176,116170.59629142856,0.9918436190016247,2025-05
2025-05-06,116198.455628,136379,111371,-573.2183440000081,-0.4908881790437136,6017.09780399999,5.46108518068138,11415.871971999994,10.894818178446686,117030.18169200001,0.7757898221216151,2025-05
2025-05-07,116249.11733,139875,111472,50.661701999997604,0.04359929030570697,2379.074969999987,2.0892896153305474,12193.280606,11.718016970390366,117370.04954485713,0.30375686562158183,2025-05
2025-05-08,116187.820792,142890,111357,-61.29653799999505,-0.052728605092111636,-1189.3261889999994,-1.0132519145251595,12426.668514999998,11.976224475443242,117200.14580357143,-0.14376416449607884,2025-05
2025-05-09,116066.485998,145676,111308,-121.33479399999487,-0.1044298732628901,-2159.040080999999,-1.8262046722103853,12166.300834000009,11.709604573655241,116891.71150628572,-0.26193707108763675,2025-05
2025-05-10,115898.473511,148027,110041,-168.01248699999996,-0.14475538356774065,-2680.700948999991,-2.2606844424475803,12172.024690999999,11.734735768427317,116508.75422785713,-0.32534931282539115,2025-05
2025-05-11,115295.022681,149690,108081,-603.4508300000016,-0.5206719396030124,-2894.2296829999977,-2.4488095364935014,11371.860098000005,10.942565464092446,116095.29284457142,-0.35275552145737393,2025-05
2025-05-12,114661.245363,151057,106171,-633.7773180000077,-0.5497005016023571,-2110.4286090000096,-1.807312113643289,10567.691579999999,10.152109516819907,115793.80304328572,-0.2599393131237312,2025-05
2025-05-13,114461.436872,152789,105286,-199.80849099998886,-0.1742598297859277,-1737.0187559999904,-1.4948724977558392,10518.770032,10.11978079049256,115545.65750671427,-0.21470669180119037,2025-05
2025-05-14,114845.370547,154540,105331,383.93367499999295,0.33542622344444606,-1403.746782999995,-1.2075332830400187,11339.81998,10.955760263948001,115345.122252,-0.17301712992422763,2025-05
2025-05-15,115701.097162,156615,106745,855.7266150000069,0.7451119805040873,-486.72362999999314,-0.4189110585620881,11881.566596000004,11.44444261231432,115275.59030485713,-0.05903990341048493,2025-05
2025-05-16,116498.853878,158820,108052,797.756715999989,0.6894979698273795,432.3678799999907,0.3725174207543702,11932.317492999995,11.41121998061292,115337.35714485715,0.05437835988812502,2025-05
2025-05-17,117116.279519,160761,107800,617.4256410000089,0.5299843049499708,1217.8060079999996,1.0507524138222646,11654.214129,11.050621933016934,115511.32943171429,0.1507697439620838,2025-05
2025-05-18,117239.474551,162079,106643,123.19503200000327,0.10519035654648068,1944.4518700000044,1.686501138370855,10858.960611000002,10.207659475234898,115789.10827028572,0.2401786434120114,2025-05
2025-05-19,117008.16736,163275,105557,-231.30719099999988,-0.1972946329603209,2346.921997000012,2.0468310714487847,10514.533780000012,9.873391888822436,116124.38284128571,0.2905223389323023,2025-05
2025-05-20,117099.056917,164892,105526,90.88955699998769,0.07767795962512203,2637.6200449999887,2.304374396373854,10985.724453999996,10.352822024348862,116501.18570485714,0.3265134517053094,2025-05
2025-05-21,117319.7848,166408,105330,220.72788299999957,0.18849672133265383,2474.4142529999954,2.1545615998403322,11830.537318999995,11.214922469828824,116854.67345528571,0.3055235228321962,2025-05
2025-05-22,117196.900617,167864,104801,-122.88418299998739,-0.10474293249810307,1495.8034550000011,1.292817001472013,11746.532453000007,11.139394444532801,117068.35966314285,0.18411567811759758,2025-05
2025-05-23,118836.620872,170082,105331,1639.720254999993,1.3991157158316003,2337.766994000005,2.0066866893370117,13021.443637999997,12.30583738399298,117402.32637657142,0.28548964183248626,2025-05
2025-05-24,119228.831542,171036,105059,392.2106700000004,0.3300419240483521,2112.5520229999966,1.8038073201064098,12860.273791,12.09029628953402,117704.11952271429,0.2569264445608264,2025-05
2025-05-25,119270.735083,172049,104036,41.90354100000695,0.035145476524478525,2031.2605320000002,1.732573896103906,11235.818781000009,10.400173541664515,117994.2995987143,0.24692003312911184,2025-05
2025-05-26,119214.652683,173029,103126,-56.08240000001388,-0.0470210902624113,2206.4853229999862,1.8857532536265431,10291.36740599999,9.448271212007864,118309.51178771429,0.26838768208595604,2025-05
2025-05-27,119552.270987,174384,102805,337.61830400000326,0.28320201955187585,2453.214070000002,2.094990459008428,10446.347832999993,9.574501118747936,118659.97094057142,0.2977482620754923,2025-05
2025-05-28,120241.458975,175577,103025,689.1879880000051,0.5764741918411032,2921.6741750000074,2.490350779266004,11174.210441999996,10.245248314501175,119077.35296557144,0.3531736150052708,2025-05
2025-05-29,121770.131518,177138,104331,1528.6725429999933,1.2713356574605594,4573.230900999988,3.9021773416562766,11588.773693999989,10.517907859251018,119730.67166571427,0.5497562707136512,2025-05
2025-05-30,126398.607937,179657,109990,4628.476418999999,3.8009948427425444,7561.987064999994,6.363347434075117,12528.565576999987,11.002512440797151,120810.95553214286,0.8928818602723574,2025-05
2025-05-31,130137.143974,182571,116118,3738.5360370000126,2.9577351349180825,10908.312432000006,9.14905588767545,12759.996993000008,10.870938100979298,122369.28587957143,1.268266604682319,2025-05
2025-06-01,130642.949204,117457,117457,505.8052299999981,0.38867091635348405,11372.214120999997,9.534789999479854,12417.423125000001,10.503165887121968,123993.88789685714,1.3187702389436053,2025-06
2025-06-02,129927.36112,123446,117119,-715.5880840000027,-0.5477433633885642,10712.708437000008,8.986066893543576,11348.186660000007,9.57013464773957,125524.27481642857,1.2472384856398693,2025-06
2025-06-03,129463.522948,129291,116790,-463.8381720000034,-0.35699807030761255,9911.251961000002,8.29030839746887,11274.270583999998,9.539167359547584,126940.16795371429,1.1557813299456565,2025-06
2025-06-04,128907.828186,134073,116619,-555.6947619999992,-0.4292288278167744,8666.369210999997,7.207471769618046,12136.154213999995,10.393063489789522,128178.22069814286,1.0121094699945312,2025-06
2025-06-05,128182.759366,138455,116200,-725.0688200000004,-0.5624707437889676,6412.627848000004,5.266174691658354,11984.303738000002,10.313651479471275,129094.3103907143,0.7501371269588846,2025-06
2025-06-06,128257.666505,143482,116960,74.90713900000264,0.05843776446263771,1859.0585680000077,1.470790381589171,12008.549175000007,10.330013208539857,129359.89018614286,0.2154861157760408,2025-06
2025-06-07,128564.644729,147167,116865,306.97822400000587,0.23934493146891,-1572.499244999999,-1.2083400610929051,12376.823937000008,10.652427984820424,129135.24743685716,-0.17285534185955528,2025-06
2025-06-08,128004.824104,149052,115259,-559.8206250000076,-0.43543901683082975,-2638.1251000000047,-2.019339823598554,11938.338105999996,10.2857754358185,128758.37242257142,-0.29058533231445727,2025-06
2025-06-09,127148.03051,150847,113626,-856.7935940000025,-0.6693447688376875,-2779.3306100000045,-2.1391418913165094,11249.556998999993,9.706389271755423,128361.32519257141,-0.307956961664332,2025-06
2025-06-10,126754.698739,152982,112879,-393.3317709999974,-0.30934947983253247,-2708.8242089999985,-2.092345509621285,11459.676057999997,9.939436925830524,127974.35030557142,-0.301150020167892,2025-06
2025-06-11,126603.684416,155036,112384,-151.01432299999578,-0.11913903350514454,-2304.143769999995,-1.7874351018274615,11942.43905300001,10.415410206990217,127645.18690985713,-0.25685147812337344,2025-06
2025-06-12,126582.119666,156773,111783,-21.564750000005006,-0.017033272056399262,-1600.6396999999997,-1.2487168382993685,12120.682793999993,10.589315602908522,127416.52409557144,-0.1789318393044351,2025-06
2025-06-13,127042.986467,158842,112293,460.8668009999965,0.3640852295853758,-1214.6800380000059,-0.9470623246935927,12197.615919999997,10.620903447743402,127242.99837585715,-0.13526791571547253,2025-06
2025-06-14,127591.783989,161019,112543,548.797522000008,0.4319778188956125,-972.8607400000037,-0.7567093908676714,11890.686826999998,10.277073527099855,127104.01827014286,-0.10774893179737217,2025-06
2025-06-15,127329.911848,162414,111083,-261.87214099999983,-0.20524216592392452,-674.912255999996,-0.5272553286364001,10831.057970000009,9.297136932645289,127007.60223357144,-0.0748636673821,2025-06
2025-06-16,126993.133748,163641,109657,-336.77810000001045,-0.26449252584266336,-154.89676200000395,-0.1218239569883206,9876.85422899999,8.43337430933131,126985.47412471428,-0.01702763266852512,2025-06
2025-06-17,127130.631891,165116,109151,137.49814300000435,0.10827210805968157,375.9331519999978,0.2965832081492037,9891.15733999999,8.436712445087991,127039.1788607143,0.04263259417321974,2025-06
2025-06-18,127425.991202,166685,108946,295.35931100000744,0.23232741520018418,822.306786000001,0.6495125238993982,10417.823841999998,8.903501419646531,127156.65125871428,0.09284208684540955,2025-06
2025-06-19,128539.035217,168525,109683,1113.0440149999922,0.873482720833274,1956.9155509999982,1.5459652249176337,11439.978300000002,9.769487988369274,127436.21062314286,0.22005865725822002,2025-06
2025-06-20,129356.313868,170489,110211,817.2786510000005,0.6358213671203261,2313.3274010000023,1.8209013069768298,12036.529068000003,10.259590135218177,127766.68596614285,0.2588781054774986,2025-06
2025-06-21,129346.353534,171862,109084,-9.960334000003058,-0.007699921018289313,1754.5695449999912,1.3751430461629521,12149.452916999988,10.366701553571334,128017.33875828571,0.19606699977551267,2025-06
2025-06-22,129002.47747,172723,107486,-343.8760639999964,-0.2658567903961906,1672.5656219999946,1.3135685069794345,10165.856597999998,8.55448137401158,128256.27670428572,0.1874077677080461,2025-06
2025-06-23,128445.421391,173623,106052,-557.0560790000018,-0.4318181246786845,1452.2876430000033,1.1435954056239428,9216.589848999996,7.730168726641695,128463.74636757142,0.16350411073147164,2025-06
2025-06-24,129070.810989,175050,106022,625.3895980000088,0.4868913124557839,1940.1790980000078,1.5261303032486184,9800.075905999998,8.2166642967197,128740.91481014284,0.2175925685023434,2025-06
2025-06-25,130002.810412,176604,106398,931.9994230000011,0.7220838048964007,2576.8192100000015,2.022208487996102,10788.157729000013,9.049355499685486,129109.03184014287,0.28755776703037433,2025-06
2025-06-26,130618.985807,178077,106605,616.1753949999984,0.47397082651308153,2079.9505900000077,1.618147037192741,11066.714820000008,9.25680016668473,129406.16763871428,0.23048463927034682,2025-06
2025-06-27,132812.646942,179870,108265,2193.6611349999876,1.679435130694773,3456.3330739999947,2.671947716078993,12571.18796699999,10.454952953967167,129899.92950642857,0.3795723197809821,2025-06
2025-06-28,135792.393132,182175,111918,2979.7461900000053,2.243571119624832,6446.039598000003,4.983549533389509,14022.261614000003,11.515353920700356,130820.79230614286,0.7011824684442851,2025-06
2025-06-29,137067.635608,183994,113466,1275.242476000014,0.9391118652429808,8065.158138000013,6.251940502364062,10669.027671000018,8.440779408201804,131972.95775442856,0.8733208478213097,2025-06
2025-06-30,138679.449539,185713,115528,1611.8139309999824,1.175925975413783,10234.028147999998,7.9676083718442925,8542.305564999988,6.564079481186891,133434.96177557143,1.102998576405948,2025-06
2025-07-01,140559.092634,119584,119584,1879.6430950000067,1.35538690213175,11488.281644999995,8.900758860172564,9916.143429999996,7.5902629957594225,135076.1448677143,1.227069374931086,2025-07
2025-07-02,141121.288707,127464,121219,562.1960729999992,0.3999713305377517,11118.478294999994,8.552490719057326,11193.927586999998,8.615527545934976,136664.49890985715,1.1810533071655644,2025-07
2025-07-03,141158.37314,133202,121743,37.084433000010904,0.02627841152798016,10539.387333000006,8.068801995272556,11694.850192000013,9.033316818280412,138170.12567171428,1.1170972478819787,2025-07
2025-07-04,141250.202137,138617,122489,91.82899699997506,0.06505387881516889,8437.555194999994,6.352975706210207,12342.373950999987,9.57457287480732,139375.4906995714,0.8864713547563211,2025-07
2025-07-05,141176.907904,144146,122984,-73.29423299999326,-0.05188964822074871,5384.514771999995,3.9652550837408596,12994.148537999994,10.137204568125902,140144.70709557142,0.558548387921238,2025-07
2025-07-06,140468.506651,147802,121720,-708.4012529999891,-0.5017826665262404,3400.871042999992,2.4811626960037136,12210.840146000002,9.52055380293697,140630.545816,0.3527063119542064,2025-07
2025-07-07,139645.134795,150447,120245,-823.3718560000125,-0.5861611799189426,965.685255999997,0.6963434446921601,11080.490065999984,8.618613686022636,140768.50085257142,0.10097957547810273,2025-07
2025-07-08,139161.320345,153468,119619,-483.8144500000053,-0.34645993983982715,-1397.772289000015,-0.9944374730987082,11156.496240999986,8.715684208851115,140568.819097,-0.14214140194640829,2025-07
2025-07-09,138703.537896,155873,119216,-457.7824489999912,-0.3289581098146255,-2417.7508110000053,-1.7132431493166234,11555.507385999997,9.088231520103008,140223.426124,-0.24627417913960503,2025-07
2025-07-10,138416.383268,158072,118426,-287.1546279999893,-0.2070276161342699,-2741.9898720000056,-1.9424918345300801,11661.684529000006,9.200199002494202,139831.71328514285,-0.27960361166278364,2025-07
2025-07-11,138700.287077,160324,118123,283.90380899998127,0.2051085299998645,-2549.9150599999994,-1.8052470165860757,12096.602660999983,9.554700336565581,139467.43970514284,-0.25959580435068424,2025-07
2025-07-12,139134.143072,162479,117451,433.8559950000199,0.3128010793223224,-2042.7648319999862,-1.446953940504958,12552.023406000008,9.916110931875544,139175.61615771428,-0.20749712898738837,2025-07
2025-07-13,139097.676903,163864,115842,-36.46616899999208,-0.026209360402007498,-1370.8297479999892,-0.9758982854469078,12054.690436000019,9.488670544698884,138979.78333657142,-0.1395580852553551,2025-07
2025-07-14,138925.084743,165285,114573,-172.59216000000015,-0.12407982925578542,-720.0500519999769,-0.51562845569737,11333.30075400001,8.882469074166321,138876.91904342858,-0.07354646373204694,2025-07
2025-07-15,139431.877392,167312,115281,506.7926489999809,0.3647956378342476,270.55704700000933,0.19441971830194138,12101.965543999991,9.504416808555316,138915.57005014285,0.02806147593567803,2025-07
2025-07-16,140426.994342,169936,117163,995.116949999996,0.7136940049959462,1723.4564459999965,1.2425468536298334,13433.860593999998,10.578414909153743,139161.77811385714,0.17701177805147397,2025-07
2025-07-17,140361.418994,171767,116500,-65.57534799998393,-0.04669710998747023,1945.035726000002,1.40520629139258,13230.78710300001,10.407237741368181,139439.64036042857,0.19991613607244535,2025-07
2025-07-18,141128.292438,173985,116839,766.8734439999971,0.546356291847383,2428.0053610000177,1.7505409773608482,13702.301236,10.753144713058305,139786.49826914287,0.24866581633637658,2025-07
2025-07-19,141940.332132,176147,116983,812.0396940000064,0.575391142323034,2806.1890600000042,2.0168946299168544,13401.296915000014,10.425857711142683,140187.38242057143,0.28617868247933537,2025-07
2025-07-20,141667.605303,177584,115555,-272.7268290000211,-0.1921418844831213,2569.928399999975,1.8475710430391423,12311.291434999992,9.517348683546212,140554.51504914285,0.2624740361820334,2025-07
2025-07-21,141249.149881,178968,114065,-418.4554219999991,-0.2953783408034649,2324.0651379999763,1.6728909270052217,11902.796346999996,9.202266644394609,140886.52435457142,0.23800282024665062,2025-07
2025-07-22,141361.953061,180637,113570,112.80318000001716,0.07986113905467107,1930.0756690000126,1.3842427607668073,12359.47559100001,9.580804829019085,141162.24945014287,0.19729789184956825,2025-07
2025-07-23,141736.943714,182283,113496,374.9906529999862,0.26526985860062524,1309.9493720000028,0.9328330198463908,13291.522322999997,10.347992306038956,141349.3850747143,0.13323729950737956,2025-07
2025-07-24,142607.440638,184058,113900,870.4969240000064,0.6141637467197869,2246.021643999993,1.6001702320322053,13536.629648999995,10.487754392550963,141670.24530957142,0.227645993322702,2025-07
2025-07-25,144074.190009,185915,114629,1466.7493710000126,1.0285223298574397,2945.8975710000086,2.0873897927264906,14071.379597000006,10.82390415438368,142091.08781971427,0.29652685589556727,2025-07
2025-07-26,145104.083377,187768,114922,1029.89336799999,0.7148354385581923,3163.751244999992,2.2289304227200324,14485.097569999998,11.089580492841122,142543.0522832857,0.316447469643447,2025-07
2025-07-27,145102.291073,188978,113788,-1.792304000002332,-0.0012351850880332194,3434.685770000011,2.424468009220515,12289.644131000008,9.253368872594603,143033.721679,0.3437198552713167,2025-07
2025-07-28,145204.612909,190135,112722,102.32183599998825,0.07051703680440724,3955.4630279999983,2.8003446614244476,9412.219776999991,6.931330658449064,143598.78782585714,0.3959906235010128,2025-07
2025-07-29,147134.242344,192095,113690,1929.6294350000098,1.3289036734730475,5772.289282999991,4.083340077021402,10066.606735999987,7.344262335413365,144423.40058057144,0.5744252712750665,2025-07
2025-07-30,150604.861525,194391,116469,3470.6191809999873,2.3588113315496484,8867.917810999992,6.256602956596757,11925.411985999992,8.599264004611062,145690.24598214283,0.8735026245534984,2025-07
2025-07-31,156922.094176,197749,123777,6317.2326510000275,4.194574190389844,14314.653538000013,10.03780270788035,16363.001542000013,11.641368221270042,147735.19648757143,1.384989830792078,2025-07
2025-08-01,161896.429352,130946,130946,4974.335175999993,3.169939326976423,17822.239342999994,12.370181877744146,20775.140645000007,14.721478832392144,150281.23067942858,1.6909065446662184,2025-08
2025-08-02,163747.302653,140003,132977,1850.873300999985,1.1432452886133593,18643.21927599999,12.848169977106982,22588.92951299998,16.00254310851006,152944.54771885715,1.7521079518169567,2025-08
2025-08-03,163905.77533,144926,132423,158.47267700001248,0.09677880150236184,18803.484257000004,12.958778333513777,22655.57319300002,16.039320900246334,155630.75975557143,1.7661099499012989,2025-08
2025-08-04,163464.47302,149605,131773,-441.3023099999991,-0.2692414645618868,18259.860111000016,12.57526172563368,22287.565116000012,15.786976387919971,158239.31120000003,1.7175730211346851,2025-08
2025-08-05,163468.943391,155650,132318,4.47037100000307,0.0027347661038623627,16334.70104700001,11.101903123821755,23000.436740000005,16.374087892274368,160572.839921,1.5281203200819446,2025-08
2025-08-06,164747.637116,161780,133738,1278.69372499999,0.7822242552467662,14142.775591000012,9.390650107700772,25102.502321000007,17.975923298617346,162593.23643400002,1.3028935948958185,2025-08
2025-08-07,165805.104683,165987,134099,1057.4675670000142,0.6418711585255865,8883.010506999999,5.660777440961895,26643.784338000027,19.145969779495076,163862.237935,0.7953645903437818,2025-08
2025-08-08,166575.528113,169453,133937,770.4234299999953,0.464656037866229,4679.098761000001,2.8901803330242393,27871.990217000013,20.094649811959698,164530.68061514286,0.4088955490423255,2025-08
2025-08-09,167325.951784,172385,133083,750.4236709999968,0.4505005504115367,3578.649131000013,2.1854705836489963,28909.568516,20.885944158810798,165041.91620528573,0.3099320150134937,2025-08
2025-08-10,167322.838173,174425,131389,-3.1136110000079498,-0.0018608057906210895,3417.0628429999924,2.0847726909684727,28622.55109600001,20.636259447761706,165530.06804,0.2958406425430676,2025-08
2025-08-11,167116.939209,176340,129582,-205.8989639999927,-0.12305490765528448,3652.466188999999,2.2344097904093863,27982.796136999998,20.112098669065936,166051.84892414286,0.31672443638686787,2025-08
2025-08-12,167993.622002,178722,129235,876.6827929999854,0.5245924184283934,4524.678610999981,2.767913291136548,28895.945098999975,20.773851686358945,166698.23158285714,0.39127552957608663,2025-08
2025-08-13,168835.243106,180796,128910,841.6211040000198,0.5009839623494772,4087.605990000011,2.4811317852904358,29910.158362999995,21.529703162198043,167282.1752957143,0.3510983448764739,2025-08
2025-08-14,170224.177786,183253,130047,1388.9346799999767,0.8226568425218961,4419.073102999973,2.665221382326388,30792.30039399999,22.08411804384607,167913.47145328572,0.37692487116166096,2025-08
2025-08-15,171847.477625,185848,131589,1623.299839000014,0.9536247201268777,5271.949511999992,3.1649003738554393,31420.48328300001,22.374959622419645,168666.60709785714,0.44677754005603937,2025-08
2025-08-16,172355.571273,187745,130470,508.0936480000091,0.2956654674378001,5029.619489000004,3.0058812965801707,31994.152279,22.794121424753943,169385.12416771427,0.4246582424883627,2025-08
2025-08-17,172396.317851,189041,128498,40.74657799999113,0.023640998488794196,5073.479678000003,3.032150143636936,31268.025412999996,22.155745579318587,170109.90697885715,0.428301357385422,2025-08
2025-08-18,172284.810918,190335,126847,-111.50693299999693,-0.06468057693458373,5167.871708999999,3.0923685734436157,30344.478785999992,21.37833435374843,170848.17436585715,0.43664054748837927,2025-08
2025-08-19,173149.986808,192156,126614,865.1758899999841,0.5021776936631861,5156.364805999998,3.0693812923080044,31482.381504999998,22.222710292635494,171584.7979095714,0.4334384439504925,2025-08
2025-08-20,173854.045041,194061,126796,704.0582330000179,0.40661754931621275,5018.801934999996,2.972603256684403,32604.895160000015,23.083250545202638,172301.7696145714,0.4199575278028833,2025-08
2025-08-21,175040.79699,195920,126757,1186.7519489999977,0.6826139413207866,4816.619204000017,2.8295740749914478,33678.843928999995,23.82454627976667,172989.85807228572,0.39995139905986765,2025-08
2025-08-22,176413.278884,197767,126925,1372.4818939999968,0.7840925759029727,4565.801259,2.6568916355952155,34676.335170000006,24.465276491336454,173642.115395,0.3757325213135955,2025-08
2025-08-23,178216.832059,199652,126955,1803.5531750000082,1.022345475584019,5861.260785999999,3.40067961987498,35609.39142100001,24.97021982982797,174479.43836442856,0.4795439510487696,2025-08
2025-08-24,178954.410579,201153,126254,737.5785199999809,0.41386580127056316,6558.092727999989,3.8040793502724712,34880.220569999976,24.209902250931336,175416.30875414287,0.5352903514461652,2025-08
2025-08-25,179110.388407,202357,124889,155.97782800000277,0.08716065029934494,6825.577488999988,3.9617987520958353,34006.30502999999,23.435801556078207,176391.39125257143,0.5569819553367265,2025-08
2025-08-26,180166.941211,203843,124744,1056.5528040000063,0.5898891814131835,7016.954403000011,4.0525295625814195,35064.650138,24.165469668813987,177393.81331014287,0.5695121678724403,2025-08
2025-08-27,181541.297146,205474,125207,1374.3559349999996,0.7628235933641259,7687.252104999992,4.42166997218103,36336.68423700001,25.02446961500615,178491.99218228573,0.6203987455935708,2025-08
2025-08-28,184621.192921,207485,127287,3079.895775000012,1.6965262578922058,9580.395931000006,5.473236008830185,37486.95057700001,25.478060021783012,179860.62017242858,0.7652433622466307,2025-08
2025-08-29,191456.359748,210765,134470,6835.166826999979,3.702265551888595,15043.080863999989,8.527181717364662,40851.498223,27.124953211566005,182009.6317244286,1.1821252159588624,2025-08
2025-08-30,196862.831034,214156,141336,5406.4712860000145,2.823866124434904,18645.998974999995,10.462535305771281,39940.73685799999,25.45258975017466,184673.3458637143,1.4394853086518462,2025-08
2025-08-31,197768.889988,216435,142633,906.0589540000074,0.460248869347768,18814.47940900002,10.513560044777059,35872.460636,22.157660165564884,187361.12863642856,1.4461114612343038,2025-08
2025-09-01,198154.574574,143182,143182,385.6845859999885,0.19501782409931945,19044.186167000007,10.632653045073592,34407.27192100001,21.012420579478565,190081.7266602857,1.4615196289200145,2025-09
2025-09-02,198939.265101,151195,144117,784.6905269999988,0.3959991984474609,18772.32389,10.41940533808312,35033.48977099999,21.374164333419763,192763.48721599998,1.433821059924911,2025-09
2025-09-03,199781.11196,157329,144477,841.846859000012,0.423167773628097,18239.814814000012,10.047198681923653,36316.638940000004,22.21683908989609,195369.17504657144,1.3852987999626214,2025-09
2025-09-04,199980.201626,162528,144540,199.0896659999853,0.0996538982322992,15359.008704999986,8.319201312696611,36511.25823499999,22.335287350373957,197563.3191472857,1.1571741771540633,2025-09
2025-09-05,200137.593514,168596,145242,157.39188800001284,0.0787037350299169,8681.23376600002,4.5343146487411,35389.95639800001,21.481313491058863,198803.49539957143,0.6395224890313951,2025-09
2025-09-06,200784.89293,174611,145815,647.2994159999944,0.32342720057474406,3922.0618959999993,1.9922815675258887,34979.78824699999,21.096930829649207,199363.78995614286,0.28231692847994366,2025-09
2025-09-07,200632.129285,177757,144697,-152.7636449999991,-0.07608323652779081,2863.239296999993,1.4477703228114924,34056.601171999995,20.44514074654291,199772.82414142857,0.20569805621200668,2025-09
2025-09-08,200213.373698,180620,143619,-418.7555869999924,-0.20871810935383373,2058.799124000012,1.038986421800292,32887.421914000006,19.65470482215106,200066.93830200002,0.14802149429012765,2025-09
2025-09-09,200014.280884,183567,142809,-199.09281400000327,-0.09944031725888092,1075.0157830000098,0.5403738585513684,32691.44271100001,19.537944173047904,200220.51198528573,0.0772444206177931,2025-09
2025-09-10,200185.373068,186417,142549,171.09218399997917,0.08553998406704011,404.26110799997696,0.20235201618103993,33068.43385899998,19.787601433774405,200278.26357214287,0.02901187925192783,2025-09
2025-09-11,200411.758379,189033,142423,226.38531100002,0.11308783830230595,431.55675300001167,0.2157997389196975,32418.136377000017,19.297242354006784,200339.91453685713,0.03093101354764308,2025-09
2025-09-12,201265.958358,191704,142550,854.1999789999973,0.42622248610015845,1128.364843999996,0.5637945496337116,32430.715251999995,19.208498566640486,200501.10951457144,0.08057654941482044,2025-09
2025-09-13,202877.4483,194839,143586,1611.4899419999856,0.8006768532279773,2092.5553699999873,1.0421876563838417,32653.270514000003,19.18251034529923,200800.04599600003,0.1487550712224252,2025-09
2025-09-14,203339.084464,196916,143118,461.636164000025,0.22754434653446953,2706.9551790000114,1.3492132036114546,31491.606839000015,18.325323871043352,201186.75387871428,0.19213044023131953,2025-09
2025-09-15,203325.482349,198781,142301,-13.602115000016056,-0.006689375550139598,3112.1086509999877,1.5543959893979276,30969.91107599999,17.96861618528458,201631.34082885715,0.22099168791756155,2025-09
2025-09-16,206277.033394,202236,145193,2951.551045,1.451638530941124,6262.752509999991,3.1311526768591724,33880.715543,19.65280695396445,202526.01975885712,0.44257438051756226,2025-09
2025-09-17,209548.329804,205907,148000,3271.29641000001,1.5858752456225478,9362.956736000022,4.677143285997998,37263.518886000005,21.629021553000282,203863.58500685715,0.6569079893112063,2025-09
2025-09-18,211776.219339,208673,148595,2227.889534999995,1.0631864911945899,11364.460959999997,5.670555985297332,38626.232531000016,22.30796157890056,205487.07942971427,0.7926363682958181,2025-09
2025-09-19,212592.487484,210137,148028,816.2681450000091,0.3854390013891873,11326.529126000009,5.627642756085471,38738.44244300001,22.282163428446154,207105.15501914287,0.7868101561942508,2025-09
2025-09-20,212396.788502,211448,146415,-195.6989820000017,-0.092053573630968,9519.340202000021,4.69216282133218,37355.99151200001,21.34130565809418,208465.06076228572,0.6592772380715444,2025-09
2025-09-21,212001.841269,212769,144156,-394.9472330000135,-0.1859478364929723,8662.756804999983,4.260251701159623,35588.562385,20.173403391249888,209702.5974487143,0.6002069262104813,2025-09
2025-09-22,211647.249158,214287,142295,-354.5921110000054,-0.16725897703411263,8321.766808999993,4.092830231046007,33430.417098999984,18.758282656451097,210891.42127857142,0.5772684117127709,2025-09
2025-09-23,211860.249495,216209,141401,213.00033700000495,0.10063931274675308,5583.216100999998,2.706659102632991,32905.83891600001,18.38783342055357,211689.02357871432,0.3842685233992893,2025-09
2025-09-24,212193.922123,217972,140738,333.67262800000026,0.15749657087413826,2645.5923189999885,1.2625213102268829,33083.533716000005,18.47103007829056,212066.96533857143,0.18021442700665938,2025-09
2025-09-25,212966.147462,219754,140333,772.2253389999969,0.3639243439556905,1189.9281229999906,0.5618799536199148,32799.206250999996,18.204897097402384,212236.95507042858,0.08031983454395945,2025-09
2025-09-26,214645.173519,221658,140422,1679.02605700001,0.7884004462726191,2052.6860349999915,0.9655496576070011,33103.87637300001,18.234901310844464,212530.1959325714,0.13788575524159258,2025-09
2025-09-27,217089.668546,223705,141324,2444.495026999997,1.1388539452920066,4692.88004399999,2.209487288907752,32468.475624999992,17.58653766195377,213200.60736742854,0.31372968651630323,2025-09
2025-09-28,217668.646682,225166,140576,578.9781359999906,0.2666999953879978,5666.805412999995,2.6729982056191703,26212.286934000003,13.690998287286638,214010.15099785713,0.37839366249929896,2025-09
2025-09-29,218001.144427,226528,139901,332.4977450000006,0.15275408290003067,6353.895269000001,3.0021156874364463,21138.31339299999,10.737584785291032,214917.850322,0.4241098139184623,2025-09
2025-09-30,223040.910813,229219,145194,5039.766386000003,2.3118073069050338,11180.661317999999,5.277375696786324,25272.020824999985,12.778562303976827,216515.08765314284,0.7399909559410738,2025-09
2025-10-01,227664.828668,153395,153395,4623.917855000007,2.073125436111911,15470.906545000005,7.290928218025106,29510.254094000004,14.892542429283928,218725.21715957142,1.0136522224036129,2025-10
2025-10-02,227429.111303,163574,155827,-235.7173649999895,-0.10353701376673019,14462.963841000019,6.791203209223973,28489.846202000015,14.320876367737622,220791.35485114288,0.946872028443267,2025-10
2025-10-03,226818.941391,171223,157070,-610.1699120000121,-0.2682901535798088,12173.767871999997,5.671577735672861,27037.82943099999,13.533726569913917,222530.46454714285,0.7959162284643487,2025-10
2025-10-04,226413.339403,178551,158330,-405.60198800000944,-0.17882192091744908,9323.67085699999,4.294847801577606,26433.137776999996,13.21787735089639,223862.4175267143,0.607676819005855,2025-10
2025-10-05,224008.693261,183182,156902,-2404.6461419999832,-1.0620602780474386,6340.046579000016,2.912705470284105,23871.099747,11.927344247461512,224768.13846657143,0.4178539228007927,2025-10
2025-10-06,220439.138071,187388,154483,-3569.5551900000137,-1.593489582049834,2437.993644000002,1.1183398373472153,19654.245140999992,9.788707135378004,225116.42327285715,0.16839054209366916,2025-10
2025-10-07,218058.864984,191631,152995,-2380.2730869999796,-1.0797869687883321,-4982.045828999981,-2.233691483253031,17426.73569900001,8.685914744116152,224404.70244014286,-0.31612292586252594,2025-10
2025-10-08,216224.801521,195176,152166,-1834.0634630000277,-0.8410864025796938,-11440.027147000015,-5.024942681718669,16011.427822999976,7.997181970047351,222770.41284771427,-0.7324389028184696,2025-10
2025-10-09,214256.1941,197875,150378,-1968.6074209999933,-0.9104447811500438,-13172.917203000019,-5.792098086093278,14241.913215999986,7.120448176527816,220888.56753299996,-0.8477114410160856,2025-10
2025-10-10,213021.294239,200486,149604,-1234.8998609999835,-0.576366002480011,-13797.64715199999,-6.083110637667177,12835.921171000024,6.41201750871172,218917.4750827143,-0.8917222765732574,2025-10
2025-10-11,212075.36541,202922,148130,-945.9288290000113,-0.4440536484294988,-14337.973992999992,-6.332654264455417,11663.607030999992,5.819821713725437,216869.19308371426,-0.9296125233606932,2025-10
2025-10-12,211123.599217,204520,146094,-951.7661929999886,-0.4487867750032959,-12885.094043999998,-5.7520508942870086,9857.640859000006,4.897818259690889,215028.46536314287,-0.8420020229258157,2025-10
2025-10-13,209785.443263,206035,144028,-1338.1559540000162,-0.633825853179304,-10653.694808,-4.832941600673745,6907.994963000005,3.4050087976190246,213506.508962,-0.70490720451574,2025-10
2025-10-14,208937.533608,207910,143040,-847.9096549999958,-0.4041794520208919,-9121.331376000016,-4.182967464619836,5598.449143999984,2.7532577707613193,212203.46162257143,-0.6083918449775342,2025-10
2025-10-15,208977.525877,210074,144009,39.9922690000094,0.019140777776693874,-7247.275643999979,-3.3517318980154642,5652.043528000009,2.779800870359428,211168.13653057144,-0.4855022477837645,2025-10
2025-10-16,209194.749531,212539,145631,217.22365400000126,0.10394594016194247,-5061.444568999985,-2.362332902561337,2917.7161370000103,1.4144648529179848,210445.0730207143,-0.3405892875963379,2025-10
2025-10-17,209867.393448,214895,145999,672.6439169999794,0.32153957903244823,-3153.900791000022,-1.4805565811000565,319.06364399997983,0.15226255647009523,209994.51576485715,-0.21231706166598657,2025-10
2025-10-18,210747.531824,217135,146070,880.1383760000172,0.4193783329272227,-1327.8335859999934,-0.6261140153798306,-1028.6875149999978,-0.48574269491199473,209804.82525257143,-0.0889696357578835,2025-10
2025-10-19,210378.563276,218697,144502,-368.9685480000044,-0.17507609451300477,-745.0359410000092,-0.35289088655325873,-2213.9242080000113,-1.0413934350180787,209698.39154671427,-0.04986810997355619,2025-10
2025-10-20,209416.55565,220151,142848,-962.007626000006,-0.4572745488036878,-368.88761299999896,-0.17584042403625544,-2980.2328520000156,-1.4031440272798457,209645.6933162857,-0.02464649506275388,2025-10
2025-10-21,209462.957263,222050,142338,46.40161299999454,0.02215756670047586,525.4236549999914,0.25147403911915944,-2538.8840060000075,-1.1975763940552442,209720.75383842856,0.03625879332601294,2025-10
2025-10-22,209777.089929,223800,142447,314.1326660000195,0.14997051034928433,799.5640520000015,0.38260767450688515,-1870.1592289999826,-0.8836208533019252,209834.97727442856,0.05494875512209729,2025-10
2025-10-23,209421.940889,225315,141746,-355.14904000001843,-0.16929829664441565,227.19135799998185,0.10860280122197974,-2438.308606000006,-1.150904245516593,209867.43318271427,0.01591386414976042,2025-10
2025-10-24,209876.48575,226944,141493,454.54486100000213,0.21704739201175993,9.092302000004565,0.004332403357487635,-2317.436373000004,-1.0921313625828932,209868.73208299998,0.0009864088610906613,2025-10
2025-10-25,210456.593628,228534,141017,580.1078780000098,0.27640441754444023,-290.9381960000028,-0.13805058283813398,-2509.553833999991,-1.1783815709244472,209827.1694835714,-0.01943843619359255,2025-10
2025-10-26,210015.45256,229611,139214,-441.1410679999972,-0.20961142646818143,-363.1107159999956,-0.1725987241027127,-4629.720958999998,-2.1569182679945897,209775.29652414285,-0.024372055044332073,2025-10
2025-10-27,209193.845875,230600,137597,-821.6066850000061,-0.391212491740478,-222.70977499999572,-0.1063477404203983,-7895.822671000002,-3.6371250294331414,209743.48084199996,-0.01493461832101639,2025-10
2025-10-28,209544.301712,231921,137375,350.4558369999868,0.16752683881982033,81.34444899999653,0.03883476585211376,-8124.344970000006,-3.7324369374470145,209755.10147757144,0.005832420553175677,2025-10
2025-10-29,211387.797173,233719,139162,1843.4954610000132,0.8797640622715264,1610.7072439999902,0.7678184708087787,-6613.347253999993,-3.033629603818222,209985.20251242857,0.1100886422563531,2025-10
2025-10-30,216534.305099,236415,145868,5146.507925999991,2.4346286752721547,7112.36421,3.396188660943489,-6506.605714000005,-2.9172252257592457,211001.25454242856,0.482078209673006,2025-10
2025-10-31,221377.162081,239722,153920,4842.8569819999975,2.2365310567237007,11500.676330999995,5.479735516774054,-6287.666587000014,-2.761808498830187,212644.20830400003,0.7705758760604261,2025-10
2025-11-01,221665.647267,155323,155323,288.48518600000534,0.13031388752486883,11209.05363899999,5.326064365943761,-5763.464036000019,-2.5341804323024686,214245.501681,0.7497058003433444,2025-11
2025-11-02,220856.45606,161265,154417,-809.1912069999962,-0.365050343603901,10841.003499999992,5.162002780201513,-5962.4853310000035,-2.628742244556037,215794.21646671425,0.7275002407525274,2025-11
2025-11-03,219610.524782,166724,153390,-1245.9312780000037,-0.5641362268628991,10416.678906999994,4.9794385028058,-6802.814620999998,-3.004599746171077,217282.3134534286,0.702796850020753,2025-11
2025-11-04,218410.716579,173488,153718,-1199.8082029999932,-0.5463345639700079,8866.414867000014,4.231284169772431,-5597.976682000008,-2.4989997488524374,218548.94414871428,0.600816649622206,2025-11
2025-11-05,216867.487178,179653,153832,-1543.2294009999896,-0.7065721980916595,5479.690005000011,2.5922451902535393,-3571.6508929999836,-1.6202435394433445,219331.75700657142,0.3741971838560367,2025-11
2025-11-06,216386.744508,185830,154534,-480.7426700000069,-0.22167576904020825,-147.56059099998674,-0.06814651883105816,-1672.120476000011,-0.7668206821688783,219310.67692214288,-0.0052748796171580336,2025-11
2025-11-07,216323.057634,190377,154675,-63.686874000006355,-0.029431966428816736,-5054.104446999991,-2.283028836168177,98.25611300001037,0.04544164790942773,218588.66200114283,-0.3289838829246605,2025-11
2025-11-08,216201.649168,194233,153648,-121.4084659999935,-0.056123682481135084,-5463.998098999989,-2.4649728843272323,1945.4550680000102,0.9080041191677379,217808.09084414286,-0.3556178214969468,2025-11
2025-11-09,215477.712124,196603,151774,-723.9370439999911,-0.3348434421226121,-5378.743935999984,-2.435402628455985,2456.4178850000026,1.1531325512669222,217039.69885328572,-0.3513025498567627,2025-11
2025-11-10,213835.805978,198688,149797,-1641.906146000023,-0.7619842116455944,-5774.718804000004,-2.629527346074312,1760.440567999991,0.8301013956036662,216214.73902414288,-0.37956654768286197,2025-11
2025-11-11,212767.321486,201205,148540,-1068.4844919999887,-0.49967520037776936,-5643.395092999999,-2.583845326545031,1643.7222689999908,0.7785592302784305,215408.53972514285,-0.3729009243125422,2025-11
2025-11-12,212570.6959,203408,147768,-196.6255860000092,-0.09241343295894877,-4296.791278000019,-1.981298042372437,2785.252636999998,1.3276672554960012,214794.7123997143,-0.2851639578650121,2025-11
2025-11-13,212278.707809,205385,146925,-291.98809099997743,-0.13736046248695732,-4108.036698999989,-1.8984696628901454,3341.174201000016,1.599125893420661,214207.85001414287,-0.27311891407169053,2025-11
2025-11-14,212538.191645,207894,147743,259.4838359999994,0.1222373353777284,-3784.8659889999835,-1.7496359520785099,3560.665768000006,1.7038510495601011,213667.15487285712,-0.2514518709564698,2025-11
2025-11-15,213135.986962,210668,148803,597.7953169999819,0.28126489285205114,-3065.662206000008,-1.4179643022139143,3941.237430999987,1.8840039914175488,213229.2031291429,-0.2032535030517289,2025-11
2025-11-16,212810.99282,212442,147475,-324.99414199998137,-0.15248205928636294,-2666.7193039999984,-1.2375847495843972,2943.599372000026,1.4025996719349232,212848.24322857143,-0.17720187693226475,2025-11
2025-11-17,212345.694607,213746,145908,-465.29821300000185,-0.21864388057883932,-1490.1113709999772,-0.6968483899058908,1598.162783000007,0.7583304863255425,212635.3701755714,-0.09958182963701402,2025-11
2025-11-18,212193.647142,215686,145418,-152.04746500001056,-0.0716037427937577,-573.6743439999991,-0.2696252131170196,1815.0838660000009,0.8627703496666417,212553.41669785714,-0.0384287642678695,2025-11
2025-11-19,212496.781047,217908,145332,303.13390499999514,0.14285720099675991,-73.91485299999476,-0.03477189209314391,3080.225397000002,1.4708604997534236,212542.85743314287,-0.00481867370276826,2025-11
2025-11-20,212257.094011,220027,145149,-239.68703599998844,-0.11279560792357701,-21.613798000005772,-0.010181802133191198,2794.136748000019,1.3339526876304575,212539.76974771428,-0.001309408765142501,2025-11
2025-11-21,212595.014287,222199,145274,337.9202759999898,0.1592032895647133,56.822641999984626,0.02673526181822261,2817.9243579999893,1.3432946176123117,212547.88726800002,0.003971441832998198,2025-11
2025-11-22,213579.163368,224377,145243,984.1490810000105,0.4629219948081298,443.17640600001323,0.20793128946310357,4157.222479000018,1.9850940457110333,212611.19818314284,0.029922456398152292,2025-11
2025-11-23,213506.975224,225795,143690,-72.18814400001429,-0.033799244674270756,695.9824039999803,0.32704250601784945,3630.489474000002,1.7298219288484518,212710.62424085714,0.04687714419987975,2025-11
2025-11-24,213079.326795,227116,142229,-427.6484289999935,-0.2002971699408551,733.6321879999887,0.3454895515342393,2622.7331669999985,1.2462109748083705,212815.42883914287,0.04949810286244892,2025-11
2025-11-25,213311.465747,228690,141673,232.13895200000843,0.10894484955048522,1117.8186050000077,0.5267917395528565,3296.013187000004,1.5694146058411462,212975.11721128572,0.07529075891162648,2025-11
2025-11-26,213917.258624,230438,141846,605.7928769999999,0.2839945217565143,1420.4775770000124,0.6684701622307498,4723.41274900001,2.2579119042643425,213178.04257942855,0.0954532333058771,2025-11
2025-11-27,215571.462848,232378,143046,1654.2042239999864,0.7732916150106295,3314.3688369999873,1.5614878986462521,6027.16113600001,2.8763183187313857,213651.52384185715,0.22203712229647804,2025-11
2025-11-28,221754.779924,235660,149681,6183.317076000007,2.8683374850779098,9159.765637000004,4.308551481190648,10366.982751000003,4.904248442740355,214960.06178999998,0.6090562930840776,2025-11
2025-11-29,226561.135594,239593,157143,4806.35566999999,2.1674191968476197,12981.972225999983,6.078295289335811,10026.830495000002,4.630596750208116,216814.62925085714,0.8525558933754331,2025-11
2025-11-30,226586.961941,241876,158047,25.826346999994712,0.011399283876412092,13079.986716999992,6.126257328725293,5209.799859999999,2.353359222345519,218683.19878185718,0.8590128260255308,2025-11
2025-12-01,225466.50975,157842,157842,-1120.4521909999894,-0.4944910251683976,12387.182954999997,5.813413784115018,3800.8624830000044,1.7146826898359224,220452.79634685715,0.8169851324215961,2025-12
2025-12-02,224750.673109,167212,158605,-715.8366410000017,-0.3174913390878942,11439.207361999986,5.3626781485659025,3894.217048999999,1.7632344186225835,222086.96882714285,0.7560656769018276,2025-12
2025-12-03,224532.926391,174322,159049,-217.74671800000942,-0.09688367780522622,10615.667766999977,4.962511129435798,4922.401608999993,2.2414233625124735,223603.49279385715,0.7016545055358648,2025-12
2025-12-04,223825.371286,180411,159033,-707.5551049999776,-0.31512309413713746,8253.908438000013,3.8288502239370414,5414.654707000009,2.4791158564976046,224782.62257071427,0.5461666899433265,2025-12
2025-12-05,223088.091487,186972,159537,-737.2797990000108,-0.3293995648321446,1333.3115629999957,0.6012549373036968,6220.604308999988,2.8683895359078226,224973.09565114285,0.0893471113847474,2025-12
2025-12-06,223278.860769,193946,160216,190.76928199999384,0.08551298311281208,-3282.2748250000004,-1.448736923212579,6892.116260999988,3.185091710063226,224504.19924757144,-0.2080680620059394,2025-12
2025-12-07,222529.204743,197374,158522,-749.6560259999824,-0.3357487687898786,-4057.7571979999775,-1.7908167192146607,6206.147109000012,2.8689253826562844,223924.51964785715,-0.25766064095826663,2025-12
2025-12-08,221418.404317,199661,156177,-1110.8004260000016,-0.4991706267421736,-4048.1054329999897,-1.79543535644765,5216.755149000004,2.4129118205505895,223346.21887171429,-0.2583291554688061,2025-12
2025-12-09,219516.380789,202110,154200,-1902.0235280000197,-0.8590178101351209,-5234.292320000008,-2.328932878194978,4038.6686649999756,1.8742860341286027,222598.462826,-0.3356900799041242,2025-12
2025-12-10,218051.435671,205016,153257,-1464.9451179999742,-0.6673511620110428,-6481.4907199999725,-2.886654899207586,4215.629693000024,1.9714330225096832,221672.53558028568,-0.41718543479066944,2025-12
2025-12-11,217567.66712,207836,152564,-483.7685510000156,-0.22185983298451672,-6257.70416600001,-2.795797513948506,4800.3456339999975,2.25614798385092,220778.5778422857,-0.40386211176886644,2025-12
2025-12-12,217553.131812,210539,152144,-14.535307999991346,-0.006680821738080933,-5534.959674999991,-2.4810646046172002,4982.435912000015,2.343895940550489,219987.86931728572,-0.3577594341840002,2025-12
2025-12-13,218741.166786,213589,153073,1188.0349739999801,0.5460895755003969,-4537.693983000005,-2.032298967923618,6462.458976999973,3.044327452197715,219339.62731971432,-0.291962778128631,2025-12
2025-12-14,218679.28428,215628,151934,-61.882505999994464,-0.02829028797333155,-3849.9204630000168,-1.7300742468595587,6141.092634999979,2.8894066461510937,218789.63868214283,-0.24804013801198138,2025-12
2025-12-15,218196.259059,217566,151331,-483.02522099998896,-0.2208829348378183,-3222.145258000004,-1.4552291928664252,5060.272097000008,2.3741988244820433,218329.33221671428,-0.20828475345421632,2025-12
2025-12-16,218560.252885,220395,152594,363.9938259999908,0.16681946224457178,-956.1279039999936,-0.4355610731934467,5749.26006499998,2.7015803971474517,218192.74251614287,-0.0617365716856888,2025-12
2025-12-17,218664.826252,222812,152207,104.57336700000451,0.04784647053599489,613.3905809999851,0.28130545396889417,6319.131644999987,2.9758699165976177,218280.369742,0.04043451867817373,2025-12
2025-12-18,218838.112848,225073,151416,173.28659599999082,0.07924758589215042,1270.4457279999915,0.5839313096551502,6644.465705999988,3.13132169388346,218461.86198885713,0.08344986423198332,2025-12
2025-12-19,220219.491761,227724,151960,1381.3789130000223,0.6312332413319188,2666.359949000005,1.2256132222928207,7722.710714000015,3.634271858589666,218842.770553,0.17458044467055472,2025-12
2025-12-20,222695.569152,230807,153447,2476.077390999999,1.124367952718397,3954.402366000024,1.807799795576992,10438.475141000003,4.917845120624831,219407.68517671427,0.2571916414159833,2025-12
2025-12-21,223342.580801,233054,152615,647.0116489999928,0.29053638178062613,4663.296521000011,2.1324820667645294,10747.566514000006,5.055417950437424,220073.87039400003,0.30273830852369155,2025-12
2025-12-22,222923.302681,234816,150871,-419.2781200000027,-0.18772869843999285,4727.043621999997,2.166418270590875,9344.139312999992,4.375023839240311,220749.16234,0.30747462800909514,2025-12
2025-12-23,222688.615461,236877,150061,-234.68721999999252,-0.10527711422606556,4128.362576000014,1.8888899154835048,9181.640237000014,4.300393571389005,221338.9284222857,0.2686036885132898,2025-12
2025-12-24,223068.446537,239166,149864,379.8310760000022,0.1705660054573066,4403.620285000012,2.0138676898702856,9989.11974200001,4.6879816508949235,221968.0170344286,0.2861350506449058,2025-12
2025-12-25,223745.174708,241097,149377,676.7281709999952,0.3033724318727282,4907.061860000016,2.242325066753037,10433.708960999997,4.89130245505649,222669.02587157144,0.31815288578498835,2025-12
2025-12-26,223642.690438,242643,149164,-102.48427000001539,-0.04580401348711627,3423.1986769999785,1.5544485411469022,9725.431813999981,4.546352116027386,223158.05425400002,0.2214332779536976,2025-12
2025-12-27,223877.510204,244461,148861,234.81976600000053,0.10499773792744804,1181.9410519999801,0.5307429584255674,8306.047355999995,3.8530365968971525,223326.9029757143,0.07580896155499062,2025-12
2025-12-28,223092.999125,245810,147668,-784.511078999989,-0.3504197801222353,-249.5816760000016,-0.1117483621371651,1338.2192009999999,0.6034680296220118,223291.24845057144,-0.01575620443113244,2025-12
2025-12-29,222231.525356,247112,146870,-861.4737690000038,-0.386150068526947,-691.7773250000027,-0.3103207770028038,-4329.610237999994,-1.9110118894172134,223192.42311842856,-0.04410211444355446,2025-12
2025-12-30,226625.212863,249932,152983,4393.687506999995,1.9770766096131487,3936.597401999985,1.7677587126987193,38.25092200000654,0.01688134289472565,223754.79417585715,0.2533769889620476,2025-12
2025-12-31,230732.644097,253470,161036,4107.431234000018,1.8124334808603315,7664.1975600000005,3.435805322976848,5266.134347000014,2.335661448274151,224849.6795415714,0.487929485448194,2025-12
2026-01-01,231338.786425,163031,163031,606.1423279999872,0.2627033250419242,7593.6117169999925,3.3938661367379552,6588.113316000003,2.931298591842202,225934.48121542856,0.4821196130437934,2026-01
2026-01-02,230188.259935,169258,163228,-1150.5264899999893,-0.4973340215792099,6545.569497000019,2.9267978685914686,5655.333544000023,2.5187101218962615,226869.56257214284,0.41761532617349434,2026-01
2026-01-03,229259.919166,176330,162740,-928.3407690000022,-0.40329631461749615,5382.408962000016,2.4041758178816153,5434.547879999998,2.4280303205912457,227638.47813814288,0.34500189009564514,2026-01
2026-01-04,227741.720829,180809,161648,-1518.198337000009,-0.6622170776832248,4648.721703999996,2.083759563156562,4653.629342,2.0860052685829578,228302.58123871428,0.30045941901550377,2026-01
